{"v":"5.6.2","fr":29.8430023193359,"ip":0,"op":60.0000046630753,"w":1056,"h":960,"nm":"Lottie_step2","ddd":0,"assets":[{"id":"image_0","w":83,"h":313,"u":"images/","p":"img_0.png","e":0},{"id":"image_1","w":180,"h":310,"u":"images/","p":"img_1.png","e":0},{"id":"image_2","w":198,"h":111,"u":"images/","p":"img_2.png","e":0},{"id":"image_3","w":49,"h":314,"u":"images/","p":"img_3.png","e":0},{"id":"image_4","w":160,"h":345,"u":"images/","p":"img_4.png","e":0},{"id":"image_5","w":151,"h":411,"u":"images/","p":"img_5.png","e":0},{"id":"image_6","w":241,"h":390,"u":"images/","p":"img_6.png","e":0},{"id":"image_7","w":129,"h":220,"u":"images/","p":"img_7.png","e":0},{"id":"image_8","w":178,"h":520,"u":"images/","p":"img_8.png","e":0},{"id":"image_9","w":106,"h":215,"u":"images/","p":"img_9.png","e":0},{"id":"image_10","w":630,"h":296,"u":"images/","p":"img_10.png","e":0}],"layers":[{"ddd":0,"ind":1,"ty":2,"nm":"Layer 11","refId":"image_0","sr":1,"ks":{"o":{"a":0,"k":100,"ix":11},"r":{"a":1,"k":[{"i":{"x":[0.667],"y":[1]},"o":{"x":[0.167],"y":[0.167]},"t":0,"s":[0]},{"i":{"x":[0.833],"y":[0.833]},"o":{"x":[0.333],"y":[0]},"t":30,"s":[-7]},{"t":59.0000045853574,"s":[0]}],"ix":10},"p":{"a":1,"k":[{"i":{"x":0.667,"y":1},"o":{"x":0.167,"y":0.167},"t":0,"s":[479.256,504.416,0],"to":[2.667,-7.169,0],"ti":[5,-4.379,0]},{"i":{"x":0.667,"y":1},"o":{"x":0.333,"y":0},"t":20,"s":[495.256,461.402,0],"to":[-5,4.379,0],"ti":[2.667,-7.169,0]},{"i":{"x":0.833,"y":0.833},"o":{"x":0.333,"y":0},"t":47,"s":[449.256,530.691,0],"to":[-2.667,7.169,0],"ti":[-5,4.379,0]},{"t":59.0000045853574,"s":[479.256,504.416,0]}],"ix":2},"a":{"a":0,"k":[41.485,156.054,0],"ix":1},"s":{"a":0,"k":[100,100,100],"ix":6}},"ao":0,"ip":0,"op":60.0000046630753,"st":0,"bm":0},{"ddd":0,"ind":2,"ty":2,"nm":"Layer 10","refId":"image_1","sr":1,"ks":{"o":{"a":0,"k":100,"ix":11},"r":{"a":1,"k":[{"i":{"x":[0.667],"y":[1]},"o":{"x":[0.167],"y":[0.167]},"t":0,"s":[0]},{"i":{"x":[0.833],"y":[0.833]},"o":{"x":[0.333],"y":[0]},"t":30,"s":[-7]},{"t":59.0000045853574,"s":[0]}],"ix":10},"p":{"a":1,"k":[{"i":{"x":0.667,"y":1},"o":{"x":0.167,"y":0.167},"t":0,"s":[619.256,440.416,0],"to":[2.667,-7.169,0],"ti":[5,-4.379,0]},{"i":{"x":0.667,"y":1},"o":{"x":0.333,"y":0},"t":16,"s":[635.256,397.402,0],"to":[-5,4.379,0],"ti":[2.667,-7.169,0]},{"i":{"x":0.833,"y":0.833},"o":{"x":0.333,"y":0},"t":44,"s":[589.256,466.691,0],"to":[-2.667,7.169,0],"ti":[-5,4.379,0]},{"t":59.0000045853574,"s":[619.256,440.416,0]}],"ix":2},"a":{"a":0,"k":[89.628,154.949,0],"ix":1},"s":{"a":0,"k":[100,100,100],"ix":6}},"ao":0,"ip":0,"op":60.0000046630753,"st":0,"bm":0},{"ddd":0,"ind":3,"ty":2,"nm":"Layer 8","refId":"image_2","sr":1,"ks":{"o":{"a":0,"k":100,"ix":11},"r":{"a":1,"k":[{"i":{"x":[0.667],"y":[1]},"o":{"x":[0.167],"y":[0.167]},"t":0,"s":[0]},{"i":{"x":[0.833],"y":[0.833]},"o":{"x":[0.333],"y":[0]},"t":30,"s":[12]},{"t":59.0000045853574,"s":[0]}],"ix":10},"p":{"a":1,"k":[{"i":{"x":0.667,"y":1},"o":{"x":0.167,"y":0.167},"t":0,"s":[606.256,450.416,0],"to":[2.667,-7.169,0],"ti":[5,-4.379,0]},{"i":{"x":0.667,"y":1},"o":{"x":0.333,"y":0},"t":15,"s":[622.256,407.402,0],"to":[-5,4.379,0],"ti":[2.667,-7.169,0]},{"i":{"x":0.833,"y":0.833},"o":{"x":0.333,"y":0},"t":45,"s":[576.256,476.691,0],"to":[-2.667,7.169,0],"ti":[-5,4.379,0]},{"t":59.0000045853574,"s":[606.256,450.416,0]}],"ix":2},"a":{"a":0,"k":[98.523,55.329,0],"ix":1},"s":{"a":0,"k":[100,100,100],"ix":6}},"ao":0,"ip":0,"op":60.0000046630753,"st":0,"bm":0},{"ddd":0,"ind":4,"ty":2,"nm":"Layer 7","refId":"image_3","sr":1,"ks":{"o":{"a":0,"k":100,"ix":11},"r":{"a":1,"k":[{"i":{"x":[0.667],"y":[1]},"o":{"x":[0.167],"y":[0.167]},"t":0,"s":[0]},{"i":{"x":[0.833],"y":[0.833]},"o":{"x":[0.333],"y":[0]},"t":30,"s":[-3]},{"t":59.0000045853574,"s":[0]}],"ix":10},"p":{"a":1,"k":[{"i":{"x":0.667,"y":1},"o":{"x":0.167,"y":0.167},"t":0,"s":[619.256,440.416,0],"to":[2.667,-7.169,0],"ti":[5,-4.379,0]},{"i":{"x":0.667,"y":1},"o":{"x":0.333,"y":0},"t":15,"s":[635.256,397.402,0],"to":[-5,4.379,0],"ti":[2.667,-7.169,0]},{"i":{"x":0.833,"y":0.833},"o":{"x":0.333,"y":0},"t":45,"s":[589.256,466.691,0],"to":[-2.667,7.169,0],"ti":[-5,4.379,0]},{"t":59.0000045853574,"s":[619.256,440.416,0]}],"ix":2},"a":{"a":0,"k":[24.121,156.99,0],"ix":1},"s":{"a":0,"k":[100,100,100],"ix":6}},"ao":0,"ip":0,"op":60.0000046630753,"st":0,"bm":0},{"ddd":0,"ind":5,"ty":2,"nm":"Layer 3","refId":"image_4","sr":1,"ks":{"o":{"a":0,"k":100,"ix":11},"r":{"a":1,"k":[{"i":{"x":[0.667],"y":[1]},"o":{"x":[0.167],"y":[0.167]},"t":0,"s":[0]},{"i":{"x":[0.833],"y":[0.833]},"o":{"x":[0.333],"y":[0]},"t":30,"s":[-5]},{"t":59.0000045853574,"s":[0]}],"ix":10},"p":{"a":1,"k":[{"i":{"x":0.667,"y":1},"o":{"x":0.167,"y":0.167},"t":0,"s":[475.256,215.416,0],"to":[2.667,-7.169,0],"ti":[5,-4.379,0]},{"i":{"x":0.667,"y":1},"o":{"x":0.333,"y":0},"t":15,"s":[491.256,172.402,0],"to":[-5,4.379,0],"ti":[2.667,-7.169,0]},{"i":{"x":0.833,"y":0.833},"o":{"x":0.333,"y":0},"t":45,"s":[445.256,241.691,0],"to":[-2.667,7.169,0],"ti":[-5,4.379,0]},{"t":59.0000045853574,"s":[475.256,215.416,0]}],"ix":2},"a":{"a":0,"k":[79.529,172.388,0],"ix":1},"s":{"a":0,"k":[100,100,100],"ix":6}},"ao":0,"ip":0,"op":60.0000046630753,"st":0,"bm":0},{"ddd":0,"ind":6,"ty":2,"nm":"Layer 2","refId":"image_5","sr":1,"ks":{"o":{"a":0,"k":100,"ix":11},"r":{"a":1,"k":[{"i":{"x":[0.667],"y":[1]},"o":{"x":[0.167],"y":[0.167]},"t":0,"s":[0]},{"i":{"x":[0.833],"y":[0.833]},"o":{"x":[0.333],"y":[0]},"t":30,"s":[3]},{"t":59.0000045853574,"s":[0]}],"ix":10},"p":{"a":1,"k":[{"i":{"x":0.667,"y":1},"o":{"x":0.167,"y":0.167},"t":0,"s":[592.256,457.416,0],"to":[2.667,-7.169,0],"ti":[5,-4.379,0]},{"i":{"x":0.667,"y":1},"o":{"x":0.333,"y":0},"t":11,"s":[608.256,414.402,0],"to":[-5,4.379,0],"ti":[2.667,-7.169,0]},{"i":{"x":0.833,"y":0.833},"o":{"x":0.333,"y":0},"t":39,"s":[562.256,483.691,0],"to":[-2.667,7.169,0],"ti":[-5,4.379,0]},{"t":59.0000045853574,"s":[592.256,457.416,0]}],"ix":2},"a":{"a":0,"k":[75.201,205.325,0],"ix":1},"s":{"a":0,"k":[100,100,100],"ix":6}},"ao":0,"ip":0,"op":60.0000046630753,"st":0,"bm":0},{"ddd":0,"ind":7,"ty":2,"nm":"Layer 5","refId":"image_6","sr":1,"ks":{"o":{"a":0,"k":100,"ix":11},"r":{"a":1,"k":[{"i":{"x":[0.667],"y":[1]},"o":{"x":[0.167],"y":[0.167]},"t":0,"s":[0]},{"i":{"x":[0.833],"y":[0.833]},"o":{"x":[0.333],"y":[0]},"t":27,"s":[-4]},{"t":59.0000045853574,"s":[0]}],"ix":10},"p":{"a":1,"k":[{"i":{"x":0.667,"y":1},"o":{"x":0.167,"y":0.167},"t":0,"s":[591.256,438.416,0],"to":[2.667,-7.169,0],"ti":[5,-4.379,0]},{"i":{"x":0.667,"y":1},"o":{"x":0.333,"y":0},"t":10,"s":[607.256,395.402,0],"to":[-5,4.379,0],"ti":[2.667,-7.169,0]},{"i":{"x":0.833,"y":0.833},"o":{"x":0.333,"y":0},"t":41,"s":[561.256,464.691,0],"to":[-2.667,7.169,0],"ti":[-5,4.379,0]},{"t":59.0000045853574,"s":[591.256,438.416,0]}],"ix":2},"a":{"a":0,"k":[120.043,194.714,0],"ix":1},"s":{"a":0,"k":[100,100,100],"ix":6}},"ao":0,"ip":0,"op":60.0000046630753,"st":0,"bm":0},{"ddd":0,"ind":8,"ty":2,"nm":"Layer 4","refId":"image_7","sr":1,"ks":{"o":{"a":0,"k":100,"ix":11},"r":{"a":1,"k":[{"i":{"x":[0.667],"y":[1]},"o":{"x":[0.167],"y":[0.167]},"t":0,"s":[0]},{"i":{"x":[0.833],"y":[0.833]},"o":{"x":[0.333],"y":[0]},"t":30,"s":[5]},{"t":59.0000045853574,"s":[0]}],"ix":10},"p":{"a":1,"k":[{"i":{"x":0.667,"y":1},"o":{"x":0.167,"y":0.167},"t":0,"s":[723.256,256.416,0],"to":[6.515,-10.776,0],"ti":[5,-5.822,0]},{"i":{"x":0.667,"y":1},"o":{"x":0.333,"y":0},"t":17,"s":[762.343,191.758,0],"to":[-5,5.822,0],"ti":[6.515,-10.776,0]},{"i":{"x":0.833,"y":0.833},"o":{"x":0.333,"y":0},"t":47,"s":[693.256,291.349,0],"to":[-6.515,10.776,0],"ti":[-5,5.822,0]},{"t":59.0000045853574,"s":[723.256,256.416,0]}],"ix":2},"a":{"a":0,"k":[64.072,109.699,0],"ix":1},"s":{"a":0,"k":[100,100,100],"ix":6}},"ao":0,"ip":0,"op":60.0000046630753,"st":0,"bm":0},{"ddd":0,"ind":9,"ty":2,"nm":"Layer 6","refId":"image_8","sr":1,"ks":{"o":{"a":0,"k":100,"ix":11},"r":{"a":1,"k":[{"i":{"x":[0.667],"y":[1]},"o":{"x":[0.167],"y":[0.167]},"t":0,"s":[0]},{"i":{"x":[0.833],"y":[0.833]},"o":{"x":[0.333],"y":[0]},"t":30,"s":[-7]},{"t":59.0000045853574,"s":[0]}],"ix":10},"p":{"a":1,"k":[{"i":{"x":0.667,"y":1},"o":{"x":0.167,"y":0.167},"t":0,"s":[619.256,440.416,0],"to":[2.667,-7.169,0],"ti":[5,-4.379,0]},{"i":{"x":0.667,"y":1},"o":{"x":0.333,"y":0},"t":15,"s":[635.256,397.402,0],"to":[-5,4.379,0],"ti":[2.667,-7.169,0]},{"i":{"x":0.833,"y":0.833},"o":{"x":0.333,"y":0},"t":45,"s":[589.256,466.691,0],"to":[-2.667,7.169,0],"ti":[-5,4.379,0]},{"t":59.0000045853574,"s":[619.256,440.416,0]}],"ix":2},"a":{"a":0,"k":[88.993,259.97,0],"ix":1},"s":{"a":0,"k":[100,100,100],"ix":6}},"ao":0,"ip":0,"op":60.0000046630753,"st":0,"bm":0},{"ddd":0,"ind":10,"ty":2,"nm":"Layer 9","refId":"image_9","sr":1,"ks":{"o":{"a":0,"k":100,"ix":11},"r":{"a":1,"k":[{"i":{"x":[0.497],"y":[1]},"o":{"x":[0.502],"y":[0]},"t":0,"s":[2]},{"i":{"x":[0.802],"y":[0.519]},"o":{"x":[0.561],"y":[0]},"t":24,"s":[10]},{"i":{"x":[0.604],"y":[1]},"o":{"x":[0.297],"y":[-3.856]},"t":45,"s":[2]},{"t":59.0000045853574,"s":[2]}],"ix":10},"p":{"a":1,"k":[{"i":{"x":0.667,"y":1},"o":{"x":0.333,"y":0},"t":-3,"s":[599.097,513.755,0],"to":[-0.272,-0.782,0],"ti":[0,0,0]},{"i":{"x":0.667,"y":1},"o":{"x":0.333,"y":0},"t":20,"s":[610.415,471.553,0],"to":[0,0,0],"ti":[3.248,-6.496,0]},{"i":{"x":0.667,"y":1},"o":{"x":0.333,"y":0},"t":45,"s":[589.075,528.45,0],"to":[-2.838,5.676,0],"ti":[0.124,-0.248,0]},{"t":60.0000046630753,"s":[599.097,513.755,0]}],"ix":2},"a":{"a":0,"k":[52.773,107.489,0],"ix":1},"s":{"a":0,"k":[100,100,100],"ix":6}},"ao":0,"ip":0,"op":60.0000046630753,"st":0,"bm":0},{"ddd":0,"ind":11,"ty":2,"nm":"Layer 1","refId":"image_10","sr":1,"ks":{"o":{"a":0,"k":100,"ix":11},"r":{"a":1,"k":[{"i":{"x":[0.402],"y":[1]},"o":{"x":[0.4],"y":[0]},"t":0,"s":[8]},{"i":{"x":[0.554],"y":[1]},"o":{"x":[0.552],"y":[0]},"t":30,"s":[-3]},{"t":59.0000045853574,"s":[8]}],"ix":10},"p":{"a":1,"k":[{"i":{"x":0.667,"y":1},"o":{"x":0.167,"y":0.167},"t":0,"s":[437.597,772.706,0],"to":[4.504,-3.717,0],"ti":[0,0,0]},{"i":{"x":0.667,"y":1},"o":{"x":0.333,"y":0},"t":10,"s":[464.622,750.406,0],"to":[0,0,0],"ti":[3.248,-6.496,0]},{"i":{"x":0.833,"y":0.833},"o":{"x":0.333,"y":0},"t":49,"s":[405.678,792.74,0],"to":[-3.18,6.36,0],"ti":[1.154,-2.309,0]},{"t":59.0000045853574,"s":[437.597,772.706,0]}],"ix":2},"a":{"a":0,"k":[314.78,147.544,0],"ix":1},"s":{"a":0,"k":[100,100,100],"ix":6}},"ao":0,"ip":0,"op":60.0000046630753,"st":0,"bm":0}],"markers":[]}